INSERT INTO command(guild_id,name,help,cmd) VALUES ('685583145990619212','Kaguya','Affiche une page d''un chapitre de Kaguya-sama','kaguchap/kc/kchap <chap> [page]');
INSERT INTO command(guild_id,name,help,cmd) VALUES ('685583145990619212','Oshi no Ko','Affiche une page d''un chapitre de Oshi no Ko','kaguchap/kc/kchap <chap> [page]');
INSERT INTO command(guild_id,name,help,cmd) VALUES ('685583145990619212','Croco','Affiche une page d''un chapitre de Croco','kaguchap/kc/kchap <chap> [page]');
INSERT INTO command(guild_id,name,help,cmd) VALUES ('685583145990619212','Renai','Affiche une page d''un chapitre de Renai Daikou','kaguchap/kc/kchap <chap> [page]');
INSERT INTO command(guild_id,name,help,cmd) VALUES ('685583145990619212','Tawawa','Affiche une page d''un chapitre de Tawawa on monday','kaguchap/kc/kchap <chap> [page]');
INSERT INTO command(guild_id,name,help,cmd) VALUES ('685583145990619212','Sentai','Affiche une page d''un chapitre de Sentai Daishikkaku','kaguchap/kc/kchap <chap> [page]');
INSERT INTO command(guild_id,name,help,cmd) VALUES ('685583145990619212','4Koma Kaguya','Affiche une page d''un chapitre du 4koma Kaguya-Sama','kaguchap/kc/kchap <chap> [page]');
INSERT INTO command(guild_id,name,help,cmd) VALUES ('685583145990619212','Doujin Kaguya','Affiche une page d''un chapitre du doujin de Kaguya-sama','kaguchap/kc/kchap <chap> [page]');
INSERT INTO command_trigger(command_id,trigger) VALUES (1,'kc');
INSERT INTO command_trigger(command_id,trigger) VALUES (1,'kaguchap');
INSERT INTO command_trigger(command_id,trigger) VALUES (2,'onkc');
INSERT INTO command_trigger(command_id,trigger) VALUES (2,'oc');
INSERT INTO command_trigger(command_id,trigger) VALUES (3,'cc');
INSERT INTO command_trigger(command_id,trigger) VALUES (3,'crococ');
INSERT INTO command_trigger(command_id,trigger) VALUES (4,'rc');
INSERT INTO command_trigger(command_id,trigger) VALUES (4,'renaic');
INSERT INTO command_trigger(command_id,trigger) VALUES (5,'tc');
INSERT INTO command_trigger(command_id,trigger) VALUES (5,'tawawac');
INSERT INTO command_trigger(command_id,trigger) VALUES (6,'stc');
INSERT INTO command_trigger(command_id,trigger) VALUES (6,'sentaic');
INSERT INTO command_trigger(command_id,trigger) VALUES (7,'4kc');
INSERT INTO command_trigger(command_id,trigger) VALUES (7,'4kaguyac');
INSERT INTO command_trigger(command_id,trigger) VALUES (8,'dkc');
INSERT INTO command_trigger(command_id,trigger) VALUES (8,'dkaguyac');
INSERT INTO manga(command_id,id_manga) VALUES (1,'37f5cce0-8070-4ada-96e5-fa24b1bd4ff9');
INSERT INTO manga(command_id,id_manga) VALUES (2,'37f5cce0-8070-4ada-96e5-fa24b1bd4ff9');
INSERT INTO manga(command_id,id_manga) VALUES (3,'37f5cce0-8070-4ada-96e5-fa24b1bd4ff9');
INSERT INTO manga(command_id,id_manga) VALUES (4,'37f5cce0-8070-4ada-96e5-fa24b1bd4ff9');
INSERT INTO manga(command_id,id_manga) VALUES (5,'37f5cce0-8070-4ada-96e5-fa24b1bd4ff9');
INSERT INTO manga(command_id,id_manga) VALUES (6,'37f5cce0-8070-4ada-96e5-fa24b1bd4ff9');
INSERT INTO manga(command_id,id_manga) VALUES (7,'37f5cce0-8070-4ada-96e5-fa24b1bd4ff9');
INSERT INTO manga(command_id,id_manga) VALUES (8,'37f5cce0-8070-4ada-96e5-fa24b1bd4ff9');
